{
    "rmse": 1896788.0131980844,
    "mae": 1338691.2692001858,
    "mape": 0.06619380802093502,
    "r2": 0.974790712228623,
    "lstm_r2": 0.9766898909515905,
    "lstm_mape": 0.10332858874845904,
    "naive_mape": 0.07840892614635572,
    "rolling_mape": 0.06576626216881512,
    "naive_improvement": 15.57853543009417,
    "business_explanation": "Success! The model provides a 15.6% improvement over the naive baseline."
}