Model,Week,R2,RMSE
Univariate LSTM,5,0.1605,1.3077
Multivariate LSTM,5,-0.1788,1.5496
Gradient Boosting (Wk5),5,0.6228,0.8766
Random Forest (Wk6),6,0.48384833548225503,1.0645
Stacking (Wk6),6,0.4976,1.0502
Tuned RF (Wk7),7,0.48384833548225503,1.0645
Tuned GB (Wk7),7,0.47766789432043766,1.0708
Tuned Ensemble (Wk7),7,0.4950450157130588,1.0529
