{"rmse": 873828.8241681405, "mae": 669419.1180399319, "mape": 0.06897992916424711, "r2": 0.9771044199528789, "lstm_r2": 0.8922183608500373, "lstm_mape": 0.15848814964791094, "naive_mape": 0.18379419696731733, "rolling_mape": 0.15236160921523936, "naive_improvement": 62.468929758150495, "business_explanation": "Strong model. The model beats baselines by >20%, successfully capturing complex non-linear signals (sentiment, performance trends)."}